area_sqft,bedrooms,bathrooms,balconies,age_years,floor,total_floors,parking,location,furnishing,property_type,price
4671,5,2,2,3,19,26,0,Pune,Unfurnished,Apartment,32394069.72
1856,5,1,3,23,6,25,0,Mumbai,Semi-Furnished,Villa,14606949.69
4432,3,1,1,14,6,10,2,Mumbai,Semi-Furnished,Independent House,55192171.92
3388,5,1,3,23,10,19,0,Hyderabad,Unfurnished,Apartment,15664187.41
1331,2,4,3,27,1,20,0,Delhi,Unfurnished,Villa,14608177.35
4418,3,2,3,3,11,26,0,Bangalore,Unfurnished,Independent House,47975397.69
4772,5,4,3,3,16,20,0,Chennai,Unfurnished,Apartment,39350078.74
4956,1,3,2,21,6,27,0,Bangalore,Semi-Furnished,Apartment,47860349.66
1401,2,2,2,0,2,14,2,Delhi,Semi-Furnished,Independent House,17036804.11
2111,2,4,1,4,12,21,2,Delhi,Semi-Furnished,Villa,31297745.71
2243,2,1,0,13,4,11,1,Nagpur,Unfurnished,Independent House,10794372.27
688,2,2,0,20,14,27,1,Hyderabad,Furnished,Apartment,5764757.46
665,2,2,1,11,1,15,0,Nagpur,Semi-Furnished,Apartment,5556392.18
2446,5,3,3,28,8,9,0,Delhi,Unfurnished,Apartment,21152062.68
2591,1,3,3,12,16,16,0,Bangalore,Semi-Furnished,Apartment,16360414.78
4346,1,1,0,5,11,28,1,Nagpur,Semi-Furnished,Independent House,35881951.86
959,4,2,1,24,3,10,1,Mumbai,Unfurnished,Independent House,7504652.51
4334,5,4,0,16,17,27,2,Mumbai,Unfurnished,Apartment,31054876.37
2143,1,2,2,12,4,16,0,Delhi,Unfurnished,Apartment,22201653.05
405,1,3,2,14,4,18,2,Pune,Semi-Furnished,Independent House,4279376.37
3488,5,2,0,29,9,21,2,Nagpur,Furnished,Apartment,21736291.55
2291,5,1,0,1,2,13,0,Pune,Semi-Furnished,Villa,28541104.29
834,4,3,1,1,8,28,2,Bangalore,Furnished,Apartment,10900097.43
737,4,2,1,5,16,25,2,Pune,Unfurnished,Independent House,8301784.85
1344,3,1,2,26,13,15,2,Nagpur,Unfurnished,Apartment,6575721.81
692,1,1,2,4,5,20,1,Nagpur,Unfurnished,Apartment,4440325.15
3785,1,4,2,21,2,18,1,Mumbai,Furnished,Apartment,43571176.88
2266,1,2,0,0,20,21,0,Bangalore,Furnished,Villa,28695263.11
4610,1,3,0,15,20,21,2,Mumbai,Furnished,Apartment,67976254.55
4328,5,3,3,28,19,30,0,Chennai,Unfurnished,Apartment,21855655.92
4806,3,3,0,6,17,17,2,Mumbai,Semi-Furnished,Apartment,39602220.67
1455,1,1,2,21,0,29,2,Mumbai,Semi-Furnished,Apartment,11923812.42
1414,3,2,2,11,5,30,2,Pune,Furnished,Independent House,17269041.5
3936,5,4,0,18,9,15,1,Mumbai,Furnished,Apartment,44021136.9
3641,3,4,2,20,15,28,1,Chennai,Unfurnished,Villa,28120984.14
2243,4,4,2,22,20,29,1,Mumbai,Semi-Furnished,Apartment,31780481.72
4414,2,1,3,24,2,20,2,Bangalore,Semi-Furnished,Independent House,33990992.33
1994,4,3,1,5,7,7,2,Chennai,Semi-Furnished,Apartment,15059931.0
3588,3,1,2,11,11,12,0,Pune,Semi-Furnished,Independent House,41511726.24
899,3,4,1,2,12,22,1,Nagpur,Furnished,Apartment,4973525.38
3233,3,1,2,13,15,20,2,Pune,Semi-Furnished,Apartment,21541076.31
4572,5,1,1,2,15,20,2,Bangalore,Unfurnished,Independent House,27717034.44
3226,1,4,3,7,3,18,0,Pune,Unfurnished,Apartment,28486016.12
2639,1,1,1,3,11,26,2,Chennai,Furnished,Apartment,26832449.64
1193,4,2,0,13,17,27,2,Bangalore,Semi-Furnished,Villa,18192004.34
3193,4,1,2,25,9,29,2,Nagpur,Semi-Furnished,Apartment,16108747.89
3732,4,1,1,20,2,16,1,Chennai,Furnished,Independent House,39592540.83
3503,5,2,1,29,14,16,1,Mumbai,Semi-Furnished,Apartment,42567992.35
4629,4,3,3,18,14,30,0,Nagpur,Furnished,Apartment,36029053.0
3011,1,1,1,22,10,26,1,Nagpur,Furnished,Apartment,18015021.66
1424,2,1,1,21,16,30,0,Delhi,Semi-Furnished,Independent House,8416685.75
2256,1,1,3,16,14,19,2,Delhi,Furnished,Independent House,19710088.39
2657,1,2,2,2,18,27,0,Pune,Unfurnished,Villa,24966021.78
2800,3,4,1,11,7,18,1,Hyderabad,Unfurnished,Independent House,14548203.07
3779,5,3,0,1,12,22,2,Mumbai,Semi-Furnished,Apartment,59555513.53
3110,1,2,3,7,10,19,1,Chennai,Unfurnished,Apartment,22826743.16
1191,1,4,0,27,3,29,0,Mumbai,Unfurnished,Apartment,10384794.17
1670,5,1,1,30,15,19,1,Pune,Semi-Furnished,Apartment,12092613.2
4631,3,4,0,0,9,22,0,Pune,Unfurnished,Apartment,47715136.06
1443,3,1,0,6,11,11,1,Pune,Furnished,Apartment,9775189.53
2162,3,2,2,10,14,28,2,Hyderabad,Unfurnished,Villa,21892057.96
943,2,3,0,14,3,18,2,Pune,Unfurnished,Independent House,7757563.95
1453,1,3,3,16,8,12,0,Mumbai,Furnished,Apartment,13815215.63
2945,5,2,2,16,5,21,0,Bangalore,Unfurnished,Apartment,28586404.48
1649,4,4,2,3,17,23,2,Delhi,Unfurnished,Apartment,17793587.0
3547,4,1,3,2,15,27,0,Chennai,Unfurnished,Apartment,30983484.69
507,2,1,1,22,11,18,0,Mumbai,Semi-Furnished,Apartment,5427284.76
2656,3,2,1,4,14,27,1,Delhi,Semi-Furnished,Villa,44356519.96
983,1,3,0,6,18,24,2,Pune,Unfurnished,Independent House,8604666.24
672,3,3,0,13,8,10,1,Mumbai,Semi-Furnished,Villa,9808328.52
4667,5,2,0,22,20,21,1,Delhi,Semi-Furnished,Apartment,41686445.25
1190,3,3,1,9,2,9,2,Pune,Unfurnished,Independent House,13821678.16
1018,5,3,3,15,11,20,0,Delhi,Furnished,Apartment,8947302.5
4488,4,2,2,20,10,27,2,Delhi,Unfurnished,Apartment,35930387.38
4061,2,1,0,6,20,27,0,Chennai,Unfurnished,Independent House,22496991.27
1965,2,1,1,8,11,12,1,Chennai,Unfurnished,Independent House,12499227.82
2367,4,4,2,22,13,30,0,Nagpur,Unfurnished,Apartment,7631254.82
3985,2,3,1,27,19,19,2,Mumbai,Semi-Furnished,Apartment,33032793.78
3807,2,2,1,1,2,27,2,Pune,Unfurnished,Apartment,34853668.61
2580,5,4,1,30,17,30,0,Mumbai,Semi-Furnished,Independent House,19874410.03
4828,4,1,0,6,5,19,0,Bangalore,Unfurnished,Apartment,40100055.84
4426,3,2,3,13,11,26,1,Pune,Semi-Furnished,Apartment,45259030.19
3774,5,3,3,27,16,22,0,Nagpur,Semi-Furnished,Apartment,16786828.91
1212,2,3,1,4,2,26,1,Pune,Semi-Furnished,Apartment,7592172.45
1217,5,3,2,25,7,30,2,Bangalore,Semi-Furnished,Independent House,12256851.34
2515,2,4,1,30,8,30,2,Delhi,Semi-Furnished,Apartment,15965347.8
3722,1,3,1,15,20,24,0,Pune,Furnished,Apartment,23276028.32
1856,5,3,0,29,10,27,2,Nagpur,Unfurnished,Apartment,7053221.73
4581,1,3,3,25,2,24,0,Bangalore,Unfurnished,Apartment,19776286.22
4557,2,3,0,3,4,10,0,Delhi,Unfurnished,Apartment,43139862.74
3212,4,3,1,16,10,29,2,Hyderabad,Semi-Furnished,Apartment,24727027.26
2418,1,1,3,18,20,25,1,Mumbai,Furnished,Independent House,30544223.65
2156,5,1,3,24,16,27,0,Delhi,Unfurnished,Apartment,9875579.83
4469,5,2,3,28,15,29,0,Pune,Semi-Furnished,Villa,47078255.33
4993,3,4,0,24,3,20,0,Chennai,Unfurnished,Apartment,19151190.33
4819,5,2,2,0,15,26,1,Delhi,Unfurnished,Independent House,61377673.35
2456,5,4,3,9,11,12,2,Bangalore,Semi-Furnished,Apartment,25922073.17
4336,3,4,2,29,16,17,1,Mumbai,Unfurnished,Apartment,36198188.89
985,1,3,1,22,1,4,1,Mumbai,Furnished,Apartment,9945199.56
4281,1,4,1,12,2,23,2,Delhi,Unfurnished,Apartment,36620903.77
1487,3,1,0,17,18,22,1,Delhi,Unfurnished,Apartment,8594868.32
748,1,4,3,17,1,6,0,Bangalore,Furnished,Apartment,5426813.88
1960,2,4,1,6,0,1,1,Pune,Furnished,Villa,23202015.89
3442,2,4,0,5,16,27,1,Mumbai,Unfurnished,Apartment,27236542.87
1437,4,4,0,9,10,21,2,Mumbai,Semi-Furnished,Apartment,12200693.55
1966,3,3,0,18,2,18,1,Bangalore,Unfurnished,Apartment,9833037.89
905,2,2,1,19,19,19,2,Pune,Semi-Furnished,Apartment,4191063.29
4552,1,2,2,17,17,27,1,Chennai,Semi-Furnished,Apartment,26872986.05
3020,1,4,3,29,0,25,2,Delhi,Semi-Furnished,Villa,38273678.33
4038,3,1,0,27,15,26,2,Bangalore,Furnished,Independent House,33773342.12
2886,5,1,0,29,16,22,1,Delhi,Unfurnished,Independent House,29537457.44
2818,1,3,1,13,9,25,1,Bangalore,Furnished,Apartment,27109241.74
528,1,4,1,22,2,11,2,Hyderabad,Semi-Furnished,Apartment,5090552.09
1951,3,2,0,8,13,23,1,Delhi,Unfurnished,Villa,18194478.88
3882,2,2,3,11,4,4,2,Mumbai,Semi-Furnished,Apartment,28990874.29
2675,4,1,3,24,1,12,2,Nagpur,Furnished,Independent House,11711497.67
2990,3,3,0,11,20,24,1,Mumbai,Semi-Furnished,Independent House,28223381.96
622,4,4,2,9,17,29,0,Mumbai,Unfurnished,Apartment,7935047.66
1647,2,2,2,13,11,30,0,Bangalore,Unfurnished,Apartment,14985400.79
2584,1,3,3,26,5,17,1,Nagpur,Unfurnished,Apartment,9247591.93
794,1,2,2,6,10,29,2,Bangalore,Semi-Furnished,Independent House,6560892.21
2996,4,4,1,13,20,20,1,Bangalore,Semi-Furnished,Apartment,37355434.76
599,3,3,1,1,20,26,1,Bangalore,Semi-Furnished,Independent House,7559134.23
1079,4,2,2,19,7,18,1,Bangalore,Semi-Furnished,Apartment,12222624.67
2571,1,1,3,9,20,29,0,Bangalore,Unfurnished,Apartment,16098479.62
2458,4,3,2,1,13,21,1,Pune,Unfurnished,Apartment,16730750.94
1357,1,4,3,16,5,19,0,Nagpur,Unfurnished,Villa,5971773.4
3394,2,4,2,27,12,19,1,Mumbai,Semi-Furnished,Apartment,23542573.92
862,3,4,3,10,2,16,0,Delhi,Semi-Furnished,Villa,11391557.62
706,5,2,3,15,3,22,1,Nagpur,Furnished,Villa,9743344.88
2732,3,2,0,2,1,17,0,Nagpur,Semi-Furnished,Apartment,10702074.5
4466,3,3,2,23,15,28,1,Mumbai,Semi-Furnished,Apartment,47255150.59
2803,4,1,1,25,11,28,0,Chennai,Unfurnished,Apartment,10468267.5
4208,1,3,3,9,10,14,2,Bangalore,Unfurnished,Independent House,42527335.25
3001,5,1,3,12,2,10,0,Nagpur,Unfurnished,Apartment,15106202.24
949,4,3,3,8,13,25,2,Mumbai,Unfurnished,Villa,12136453.89
1488,3,2,1,11,6,28,0,Delhi,Unfurnished,Independent House,13834963.46
2544,4,4,0,23,20,29,0,Delhi,Furnished,Independent House,15634269.43
1952,5,4,2,27,14,17,0,Bangalore,Unfurnished,Independent House,22592797.55
4961,1,1,0,21,8,17,2,Bangalore,Unfurnished,Apartment,22909676.01
565,5,1,3,4,20,29,0,Hyderabad,Unfurnished,Apartment,4277535.11
2742,2,1,2,18,9,27,0,Mumbai,Unfurnished,Apartment,25769188.99
847,3,1,2,0,5,9,0,Bangalore,Semi-Furnished,Apartment,5447574.7
979,1,2,2,29,19,28,2,Hyderabad,Unfurnished,Apartment,4529207.95
4097,1,4,1,11,19,20,0,Pune,Unfurnished,Apartment,32199057.84
782,1,2,1,24,6,16,2,Bangalore,Furnished,Apartment,5081626.62
4756,5,2,0,25,6,7,1,Hyderabad,Furnished,Apartment,20694667.32
3276,3,1,1,28,18,18,1,Hyderabad,Furnished,Apartment,18532202.5
465,4,4,2,25,9,28,0,Mumbai,Semi-Furnished,Apartment,6004309.69
1453,3,3,3,24,3,10,2,Mumbai,Unfurnished,Independent House,12343127.31
4462,2,1,3,1,20,26,2,Pune,Unfurnished,Apartment,24312488.13
1354,1,4,1,23,13,13,2,Nagpur,Unfurnished,Independent House,6406976.72
1436,5,4,0,1,18,25,0,Chennai,Semi-Furnished,Apartment,9701920.45
1488,1,2,2,10,9,19,1,Nagpur,Semi-Furnished,Apartment,9466256.78
3637,1,1,1,13,8,11,1,Mumbai,Unfurnished,Apartment,29344659.95
672,5,2,1,22,7,7,2,Mumbai,Unfurnished,Apartment,9798771.05
1916,1,4,0,12,7,21,2,Pune,Furnished,Apartment,17745204.55
3968,4,1,1,10,14,26,1,Hyderabad,Furnished,Apartment,18467057.27
2587,3,1,1,0,0,11,2,Mumbai,Semi-Furnished,Villa,39225907.27
3832,4,1,2,10,18,18,0,Hyderabad,Semi-Furnished,Apartment,18716267.06
1721,1,3,3,23,2,23,1,Mumbai,Unfurnished,Independent House,21543439.24
3018,5,1,3,25,15,22,2,Pune,Unfurnished,Independent House,24835974.54
2314,3,3,1,7,5,10,0,Nagpur,Unfurnished,Villa,12615120.8
4154,3,1,0,6,1,7,2,Chennai,Unfurnished,Apartment,22930964.39
1990,1,2,2,8,17,30,1,Bangalore,Unfurnished,Apartment,10673010.38
2915,1,2,0,4,14,24,0,Bangalore,Unfurnished,Independent House,27335697.2
4499,3,4,2,4,7,11,1,Pune,Furnished,Apartment,40227797.39
1832,3,4,1,14,1,8,0,Hyderabad,Furnished,Apartment,12764355.87
4121,4,1,3,18,15,25,2,Pune,Semi-Furnished,Apartment,32615530.7
4557,4,2,0,16,3,24,0,Bangalore,Unfurnished,Independent House,43661995.33
2798,1,3,2,4,1,15,2,Bangalore,Semi-Furnished,Independent House,30485818.76
2459,3,4,1,22,17,24,1,Bangalore,Furnished,Apartment,17857291.11
3414,2,3,1,19,13,18,2,Bangalore,Unfurnished,Villa,45570173.33
3684,2,3,3,25,17,28,0,Pune,Unfurnished,Villa,39774502.25
2625,2,4,3,21,2,2,2,Bangalore,Unfurnished,Apartment,15684377.35
1090,4,4,1,0,10,25,0,Hyderabad,Unfurnished,Independent House,13470021.1
3631,3,4,0,14,3,21,1,Delhi,Unfurnished,Apartment,36331001.39
1615,3,2,1,6,14,25,1,Pune,Semi-Furnished,Apartment,16703115.47
2039,1,1,3,22,8,29,2,Pune,Furnished,Apartment,10762831.16
2290,4,3,2,29,11,30,0,Pune,Unfurnished,Apartment,15037106.72
1633,1,2,2,14,8,16,2,Mumbai,Unfurnished,Apartment,17832536.99
2264,4,4,1,14,18,30,0,Nagpur,Unfurnished,Independent House,10563152.75
720,1,3,3,20,18,24,1,Nagpur,Unfurnished,Apartment,2435563.17
4572,5,3,3,20,9,23,1,Hyderabad,Semi-Furnished,Apartment,20327901.68
4457,5,3,3,25,14,19,2,Chennai,Unfurnished,Apartment,34073334.46
4225,2,3,2,27,0,16,1,Mumbai,Unfurnished,Apartment,19734827.98
2410,2,1,2,5,10,26,1,Nagpur,Unfurnished,Apartment,11704441.41
2204,4,3,0,17,3,17,0,Mumbai,Semi-Furnished,Apartment,24443726.34
882,3,1,2,22,8,9,2,Bangalore,Unfurnished,Independent House,6225827.3
2899,4,1,2,2,14,26,2,Bangalore,Furnished,Independent House,46990603.25
4189,2,1,1,9,9,18,1,Mumbai,Unfurnished,Apartment,46121515.01
4788,4,1,2,29,12,22,1,Mumbai,Furnished,Independent House,64774439.72
968,5,1,3,10,11,12,2,Mumbai,Semi-Furnished,Apartment,13922010.45
639,3,2,0,30,0,16,0,Mumbai,Unfurnished,Apartment,7509508.57
1958,1,3,3,12,8,20,1,Bangalore,Semi-Furnished,Apartment,11492393.68
1119,4,1,0,7,5,24,1,Delhi,Semi-Furnished,Independent House,14771996.64
1818,5,2,3,18,17,30,0,Mumbai,Unfurnished,Apartment,21363803.43
3127,5,3,2,16,5,12,2,Hyderabad,Unfurnished,Apartment,23136395.21
3601,3,4,2,1,2,8,2,Bangalore,Unfurnished,Apartment,29332748.02
1159,2,1,2,17,11,21,0,Nagpur,Unfurnished,Independent House,5019892.4
1369,5,2,1,26,7,8,0,Hyderabad,Furnished,Apartment,10754032.71
3708,3,3,2,6,6,11,0,Pune,Furnished,Apartment,33434495.04
2912,1,1,2,28,6,27,0,Delhi,Unfurnished,Apartment,11491968.42
4058,1,2,2,2,3,18,0,Mumbai,Furnished,Apartment,64661064.41
1740,4,4,1,11,12,16,0,Delhi,Semi-Furnished,Apartment,20163477.45
3688,2,4,3,17,6,18,1,Mumbai,Semi-Furnished,Apartment,34214614.83
1111,2,1,3,19,11,18,1,Bangalore,Unfurnished,Apartment,10463484.22
3187,1,3,1,17,13,24,2,Delhi,Unfurnished,Apartment,26404355.76
4745,2,2,0,10,13,29,1,Bangalore,Unfurnished,Apartment,22916169.39
1498,4,3,3,0,9,29,0,Delhi,Unfurnished,Independent House,14005422.58
2093,5,4,3,3,10,27,2,Mumbai,Unfurnished,Apartment,16375107.74
663,1,3,3,25,2,10,2,Hyderabad,Unfurnished,Villa,5053477.42
1233,4,1,2,26,15,25,0,Mumbai,Unfurnished,Apartment,7357184.34
3901,4,4,0,16,16,25,0,Bangalore,Unfurnished,Apartment,43033633.49
4523,1,4,2,15,10,19,1,Bangalore,Unfurnished,Independent House,31903992.66
528,4,1,3,10,9,11,1,Nagpur,Unfurnished,Apartment,3948237.33
3899,5,4,0,5,17,23,0,Bangalore,Unfurnished,Apartment,32202719.06
1827,2,1,1,0,3,6,0,Hyderabad,Unfurnished,Apartment,7695206.49
2616,2,4,3,12,5,8,1,Chennai,Unfurnished,Villa,20747608.03
4295,4,3,2,3,16,18,0,Mumbai,Semi-Furnished,Apartment,43184436.6
2583,1,3,0,28,7,17,1,Hyderabad,Semi-Furnished,Apartment,10061315.16
1119,2,1,0,20,14,22,1,Mumbai,Semi-Furnished,Apartment,11555971.77
2566,4,4,0,19,13,13,2,Delhi,Unfurnished,Apartment,15433220.44
1202,4,3,0,13,18,29,0,Nagpur,Unfurnished,Apartment,9149084.53
3401,3,2,2,25,9,9,0,Chennai,Semi-Furnished,Independent House,19161677.16
1335,1,1,2,27,19,23,0,Hyderabad,Unfurnished,Independent House,10528503.72
4796,4,2,3,11,7,23,0,Pune,Unfurnished,Apartment,18423709.04
2414,4,2,0,2,0,24,2,Bangalore,Semi-Furnished,Apartment,14187726.88
4186,4,4,2,16,20,25,0,Chennai,Unfurnished,Independent House,27428881.56
4351,3,3,3,3,8,22,2,Mumbai,Unfurnished,Apartment,32254432.93
1178,2,4,2,29,15,25,1,Chennai,Semi-Furnished,Apartment,9712713.02
1030,3,2,0,2,2,3,2,Chennai,Furnished,Apartment,12481202.96
2578,3,1,3,16,0,19,1,Hyderabad,Furnished,Apartment,16579383.41
2145,3,1,1,0,20,26,1,Bangalore,Furnished,Apartment,27862781.45
840,4,1,2,19,4,10,0,Nagpur,Semi-Furnished,Apartment,4076929.81
1677,3,3,1,20,7,17,2,Bangalore,Semi-Furnished,Independent House,12749139.07
3651,5,2,3,22,12,28,0,Chennai,Unfurnished,Independent House,33368800.45
1870,5,3,3,21,13,30,2,Pune,Unfurnished,Apartment,11642728.79
3091,4,3,1,5,1,16,0,Bangalore,Semi-Furnished,Villa,25256689.58
1226,1,3,2,12,8,30,2,Chennai,Unfurnished,Apartment,6311646.06
710,2,1,2,0,18,29,0,Pune,Furnished,Apartment,4889182.0
3290,3,2,0,20,9,11,1,Bangalore,Semi-Furnished,Independent House,28854920.38
1795,2,3,2,29,15,19,1,Pune,Unfurnished,Apartment,9511997.96
2293,2,1,1,3,3,10,1,Bangalore,Furnished,Villa,37138826.16
2203,5,2,2,9,14,27,1,Bangalore,Unfurnished,Apartment,22266474.53
3196,2,3,3,7,10,30,0,Mumbai,Unfurnished,Apartment,30494210.07
4068,5,4,3,0,6,7,1,Bangalore,Unfurnished,Apartment,50105395.28
2062,4,3,1,15,7,17,1,Mumbai,Unfurnished,Independent House,19308030.02
3237,2,4,3,6,0,21,1,Bangalore,Furnished,Independent House,43511208.84
882,3,3,3,23,2,15,0,Hyderabad,Furnished,Apartment,6204612.49
1232,1,3,0,20,20,25,1,Hyderabad,Unfurnished,Apartment,6757554.63
536,3,3,1,0,4,29,0,Bangalore,Unfurnished,Independent House,6531950.5
3554,3,3,0,1,17,26,0,Bangalore,Semi-Furnished,Apartment,43392865.79
850,5,3,2,10,6,20,2,Mumbai,Unfurnished,Apartment,9812045.21
3800,5,2,0,30,20,22,1,Delhi,Furnished,Apartment,35862294.37
4623,4,4,1,4,4,13,2,Bangalore,Unfurnished,Independent House,30877412.8
2673,5,4,1,14,14,22,2,Chennai,Unfurnished,Apartment,21414274.56
2206,3,3,2,30,1,24,2,Hyderabad,Furnished,Apartment,13430929.67
1939,3,3,0,11,18,26,2,Bangalore,Unfurnished,Apartment,13515960.3
4477,5,2,0,19,5,18,2,Pune,Semi-Furnished,Apartment,26646568.52
4237,4,4,1,26,9,14,0,Nagpur,Unfurnished,Apartment,18362040.71
1302,5,1,3,0,2,2,0,Pune,Unfurnished,Apartment,8667217.11
3443,5,2,0,3,1,3,0,Mumbai,Unfurnished,Independent House,41679652.81
3795,4,1,0,7,13,14,0,Mumbai,Unfurnished,Apartment,36824229.02
1930,4,3,3,27,8,30,0,Chennai,Furnished,Villa,18365601.47
3804,5,4,1,15,4,22,1,Bangalore,Semi-Furnished,Independent House,25930797.12
1498,4,3,3,22,8,24,1,Chennai,Unfurnished,Independent House,13233622.36
3655,1,2,2,26,11,25,0,Chennai,Semi-Furnished,Independent House,27127539.95
3077,5,3,1,27,13,29,1,Mumbai,Semi-Furnished,Apartment,34490862.46
1872,2,1,3,0,0,20,2,Nagpur,Furnished,Apartment,14828581.72
3562,3,4,0,26,16,23,0,Nagpur,Unfurnished,Apartment,12001082.64
1134,3,1,1,13,8,30,1,Bangalore,Unfurnished,Apartment,6509478.19
1636,5,3,2,24,20,23,0,Pune,Unfurnished,Independent House,12382609.65
1533,1,1,2,15,0,9,1,Nagpur,Unfurnished,Independent House,7584250.22
4897,4,2,1,2,14,16,1,Chennai,Unfurnished,Apartment,41674591.29
498,3,1,2,9,3,15,2,Bangalore,Unfurnished,Independent House,5557394.5
1284,2,1,2,10,17,24,0,Bangalore,Semi-Furnished,Apartment,10580073.02
2814,5,4,3,18,6,24,2,Mumbai,Furnished,Apartment,38380053.83
1688,3,4,0,6,5,28,1,Hyderabad,Unfurnished,Apartment,14066951.57
3378,4,2,1,23,3,25,2,Hyderabad,Unfurnished,Apartment,23194859.44
4140,4,3,2,18,16,22,1,Nagpur,Semi-Furnished,Apartment,26918638.3
2980,1,4,2,20,5,23,0,Mumbai,Semi-Furnished,Independent House,20258690.04
1929,5,3,2,8,9,21,2,Bangalore,Semi-Furnished,Independent House,27867516.25
4526,3,2,0,10,4,9,0,Bangalore,Unfurnished,Apartment,37480323.86
2853,1,4,3,9,13,24,1,Pune,Furnished,Apartment,25102617.65
4333,5,3,2,13,12,25,1,Chennai,Furnished,Apartment,21042110.81
3026,1,1,3,28,6,22,2,Hyderabad,Unfurnished,Apartment,14006385.61
1228,4,3,2,8,15,29,2,Bangalore,Unfurnished,Apartment,16263549.53
2546,1,1,0,23,1,22,0,Delhi,Semi-Furnished,Apartment,14362246.08
3233,4,3,3,22,16,29,1,Nagpur,Unfurnished,Apartment,14427033.94
2652,1,1,1,3,2,10,2,Pune,Unfurnished,Independent House,19018911.72
3260,4,1,2,13,6,26,2,Pune,Unfurnished,Apartment,24162546.5
3705,1,4,3,10,4,26,0,Delhi,Semi-Furnished,Apartment,40804174.54
619,2,1,3,23,10,26,0,Bangalore,Furnished,Independent House,6881616.31
2052,5,1,0,23,4,13,1,Bangalore,Unfurnished,Apartment,11973213.47
1344,1,1,1,27,10,18,2,Mumbai,Furnished,Apartment,13053500.94
3773,4,3,3,21,8,25,0,Pune,Unfurnished,Apartment,32388557.26
4957,2,1,1,8,13,18,0,Hyderabad,Unfurnished,Apartment,22691646.54
1412,3,3,1,21,15,21,0,Delhi,Semi-Furnished,Apartment,16286684.03
3856,4,3,0,23,6,8,2,Delhi,Furnished,Apartment,28605836.5
3143,3,3,3,22,8,21,1,Chennai,Semi-Furnished,Independent House,27197442.3
1066,3,3,3,22,12,23,1,Bangalore,Semi-Furnished,Apartment,7387544.19
4930,5,1,0,10,5,16,2,Mumbai,Unfurnished,Independent House,71552834.46
3518,4,4,1,27,6,10,2,Mumbai,Furnished,Independent House,51196868.86
3845,1,1,0,19,16,27,2,Mumbai,Semi-Furnished,Villa,53394336.51
4237,4,4,3,8,16,16,1,Chennai,Semi-Furnished,Villa,47432333.75
2518,1,3,2,21,13,13,2,Hyderabad,Furnished,Independent House,26460459.34
1273,2,2,0,9,4,4,2,Pune,Unfurnished,Apartment,12085729.1
1561,1,3,2,17,12,21,2,Pune,Semi-Furnished,Independent House,18881215.11
2029,2,3,3,2,12,18,0,Chennai,Semi-Furnished,Apartment,15722948.25
2537,5,3,2,22,18,27,1,Hyderabad,Semi-Furnished,Apartment,12158307.01
2094,1,2,3,26,14,21,0,Delhi,Semi-Furnished,Apartment,20904900.61
3611,4,1,0,19,15,30,1,Chennai,Semi-Furnished,Apartment,27731344.82
4510,5,2,1,28,19,21,2,Hyderabad,Unfurnished,Apartment,29150594.87
1505,5,2,0,13,8,11,2,Mumbai,Unfurnished,Independent House,12159055.24
3243,3,4,1,19,1,12,1,Mumbai,Semi-Furnished,Apartment,39519047.21
4813,1,4,0,25,15,19,2,Pune,Semi-Furnished,Apartment,22897453.96
1931,1,1,3,9,14,25,0,Nagpur,Unfurnished,Independent House,9306882.98
4532,5,2,2,7,8,14,2,Delhi,Unfurnished,Villa,59232230.41
1866,2,4,1,29,20,22,1,Mumbai,Unfurnished,Independent House,20810711.39
1918,2,2,0,30,10,30,0,Mumbai,Furnished,Independent House,20462593.73
2188,5,4,2,1,6,21,0,Bangalore,Unfurnished,Villa,26829629.21
2902,1,3,3,10,2,9,0,Mumbai,Furnished,Independent House,25985008.96
967,3,2,3,30,8,27,1,Bangalore,Unfurnished,Apartment,9710660.99
2173,3,1,0,9,1,1,2,Delhi,Unfurnished,Apartment,11968772.52
1012,4,1,0,27,8,9,2,Delhi,Semi-Furnished,Apartment,7570557.12
1219,4,3,3,3,2,7,0,Delhi,Unfurnished,Villa,11890750.34
1838,5,2,0,18,17,22,2,Bangalore,Semi-Furnished,Independent House,16055375.74
4595,3,4,2,24,6,22,1,Nagpur,Unfurnished,Independent House,23799774.79
4009,3,2,1,8,16,30,2,Bangalore,Unfurnished,Apartment,42504027.57
2875,3,2,1,2,15,15,1,Mumbai,Unfurnished,Independent House,36759061.6
4620,3,2,3,2,10,13,0,Mumbai,Semi-Furnished,Apartment,63389865.03
2116,5,2,1,15,15,15,0,Hyderabad,Furnished,Apartment,12851926.87
3356,1,2,2,28,2,16,0,Delhi,Semi-Furnished,Apartment,18869200.7
4114,3,1,3,10,14,27,1,Mumbai,Furnished,Apartment,33422741.62
2008,5,2,2,26,0,1,0,Bangalore,Semi-Furnished,Independent House,12474003.99
2362,2,4,1,21,12,22,1,Pune,Unfurnished,Apartment,9577872.07
3420,1,2,2,30,19,23,0,Mumbai,Semi-Furnished,Apartment,36343026.73
2474,4,2,0,17,18,18,2,Bangalore,Furnished,Independent House,31052000.98
3926,3,3,0,6,16,21,2,Mumbai,Furnished,Villa,59018349.14
1985,2,3,2,26,19,23,2,Bangalore,Unfurnished,Apartment,10507972.9
4467,4,3,3,23,11,27,0,Pune,Furnished,Apartment,25896769.17
3380,5,3,0,16,15,19,0,Nagpur,Unfurnished,Independent House,23346567.79
2882,4,3,0,2,19,19,2,Hyderabad,Furnished,Independent House,27696148.67
1942,1,4,2,0,18,29,1,Nagpur,Semi-Furnished,Apartment,15987489.25
3844,5,4,2,2,17,27,2,Bangalore,Furnished,Apartment,38708208.12
3828,4,3,0,15,17,29,0,Delhi,Furnished,Apartment,29455222.39
3549,2,4,1,29,0,3,0,Mumbai,Unfurnished,Apartment,18787130.52
4099,2,2,1,10,19,23,2,Delhi,Unfurnished,Villa,42879640.82
2334,3,3,3,26,1,13,0,Mumbai,Unfurnished,Independent House,25798796.77
4027,3,4,1,19,13,30,2,Bangalore,Unfurnished,Independent House,24063512.3
3985,2,4,1,14,11,25,0,Chennai,Semi-Furnished,Apartment,36870290.62
4722,2,3,1,4,19,28,1,Delhi,Semi-Furnished,Independent House,49754722.62
2371,3,4,0,24,0,19,2,Mumbai,Semi-Furnished,Independent House,20488694.98
1912,4,3,2,6,17,30,0,Mumbai,Semi-Furnished,Apartment,15931032.88
3616,5,2,0,12,3,10,2,Bangalore,Unfurnished,Apartment,32930220.76
3343,1,2,1,13,9,26,2,Chennai,Semi-Furnished,Apartment,31740999.59
3551,5,1,2,22,8,15,2,Chennai,Unfurnished,Apartment,13532806.11
1229,5,2,2,15,15,28,2,Pune,Unfurnished,Independent House,10731770.37
4755,4,1,1,21,16,22,2,Delhi,Furnished,Independent House,42027232.36
2193,1,1,1,16,8,10,0,Hyderabad,Semi-Furnished,Apartment,10719734.65
1503,3,3,2,25,16,22,2,Mumbai,Unfurnished,Apartment,12057234.5
3816,5,3,3,16,13,18,0,Delhi,Semi-Furnished,Independent House,33697209.05
4694,5,1,2,10,20,25,1,Nagpur,Semi-Furnished,Apartment,35697253.18
628,1,1,0,22,16,17,0,Delhi,Semi-Furnished,Apartment,6049400.65
1223,3,2,2,9,9,20,2,Hyderabad,Semi-Furnished,Villa,10193105.57
1477,5,2,3,26,17,19,1,Pune,Semi-Furnished,Apartment,11720009.15
3341,3,2,2,10,12,18,2,Pune,Unfurnished,Villa,19266942.9
3476,2,3,3,30,16,18,0,Mumbai,Furnished,Apartment,33986186.72
4385,3,1,0,3,11,20,2,Mumbai,Semi-Furnished,Apartment,26930414.08
2000,2,1,2,28,8,20,0,Bangalore,Semi-Furnished,Villa,11657566.54
4025,2,4,2,6,3,28,2,Mumbai,Furnished,Independent House,50302127.58
4563,4,2,0,14,0,28,0,Mumbai,Furnished,Apartment,29164148.83
2003,1,1,2,28,0,8,0,Delhi,Unfurnished,Apartment,16380456.23
3956,3,4,2,23,13,27,0,Delhi,Unfurnished,Apartment,35915589.97
2064,1,3,1,16,3,20,1,Hyderabad,Semi-Furnished,Independent House,18383540.34
1057,1,2,0,24,2,20,1,Bangalore,Semi-Furnished,Apartment,7551822.45
2457,1,2,2,22,19,29,1,Chennai,Furnished,Apartment,21059159.22
4159,5,4,2,3,16,24,1,Mumbai,Semi-Furnished,Apartment,60743528.26
4015,5,3,2,12,6,15,1,Chennai,Furnished,Apartment,35474785.71
3127,1,1,1,29,7,24,1,Chennai,Unfurnished,Apartment,14989192.86
4219,3,4,2,19,2,23,0,Bangalore,Furnished,Apartment,49719396.68
2201,1,2,3,28,12,23,0,Mumbai,Unfurnished,Apartment,19040433.38
4861,3,2,0,5,12,28,0,Chennai,Unfurnished,Apartment,45478400.4
4338,5,1,3,28,16,22,2,Mumbai,Unfurnished,Apartment,22029640.67
669,4,2,1,30,1,9,2,Bangalore,Unfurnished,Apartment,3007552.77
2562,1,2,2,30,17,26,0,Hyderabad,Semi-Furnished,Apartment,17238038.91
4373,1,2,1,3,9,16,2,Chennai,Unfurnished,Apartment,21035902.51
567,2,3,2,21,12,16,1,Delhi,Unfurnished,Apartment,4327251.03
3035,5,4,2,21,17,25,1,Mumbai,Unfurnished,Independent House,31581866.63
1198,5,3,2,29,8,19,1,Chennai,Furnished,Independent House,13975475.77
1853,2,3,3,6,1,30,2,Delhi,Furnished,Apartment,17497768.05
2023,4,4,1,9,15,17,0,Hyderabad,Unfurnished,Apartment,19386140.69
2321,1,4,3,22,4,11,0,Pune,Unfurnished,Independent House,18248798.73
4223,5,1,3,26,7,11,2,Bangalore,Unfurnished,Apartment,36496941.16
2100,5,2,1,4,1,7,0,Delhi,Furnished,Independent House,27128015.53
2005,1,1,2,11,0,28,1,Mumbai,Semi-Furnished,Independent House,15097340.91
1280,2,4,0,16,16,26,2,Mumbai,Unfurnished,Apartment,15775311.13
2280,3,2,3,26,17,26,1,Nagpur,Unfurnished,Apartment,13170095.12
1871,5,4,0,19,15,21,0,Chennai,Unfurnished,Apartment,13797928.16
4237,3,3,3,0,17,27,1,Chennai,Unfurnished,Independent House,28305168.88
3629,2,1,1,0,8,9,2,Delhi,Semi-Furnished,Apartment,38200137.57
4454,4,2,0,13,6,20,1,Nagpur,Furnished,Independent House,34953429.5
2113,5,4,3,3,5,18,0,Delhi,Unfurnished,Apartment,12923089.45
448,4,3,1,14,8,25,0,Pune,Unfurnished,Independent House,2993088.15
3240,4,1,3,5,9,9,2,Hyderabad,Furnished,Apartment,32378831.13
4417,5,3,2,17,6,25,2,Delhi,Semi-Furnished,Apartment,27113565.1
4958,4,3,0,6,9,17,2,Bangalore,Unfurnished,Apartment,47427398.65
1831,2,4,1,8,0,8,1,Bangalore,Semi-Furnished,Independent House,18381009.63
2567,4,3,0,8,0,24,1,Mumbai,Unfurnished,Apartment,27818850.49
2584,1,1,0,19,2,27,0,Bangalore,Semi-Furnished,Apartment,14149834.95
3932,3,3,0,25,12,19,2,Nagpur,Semi-Furnished,Apartment,22936628.95
2531,1,2,2,21,13,18,0,Pune,Unfurnished,Apartment,13314638.76
3617,3,4,2,12,1,12,0,Chennai,Semi-Furnished,Independent House,25832004.69
4882,1,3,3,13,3,5,0,Hyderabad,Unfurnished,Villa,43641263.6
2655,2,1,3,20,14,16,2,Mumbai,Unfurnished,Apartment,19980179.5
4133,1,4,3,19,17,18,2,Pune,Furnished,Apartment,26952586.63
1581,5,3,2,25,0,8,1,Mumbai,Furnished,Independent House,21281636.83
3452,5,2,3,9,1,1,1,Mumbai,Unfurnished,Independent House,44048557.25
1307,4,3,3,15,16,28,2,Mumbai,Unfurnished,Apartment,10848596.73
3854,1,4,0,27,0,4,0,Bangalore,Semi-Furnished,Independent House,39195192.61
4729,2,2,3,7,6,16,0,Bangalore,Semi-Furnished,Apartment,42936415.66
1976,5,3,1,24,18,22,1,Hyderabad,Semi-Furnished,Apartment,18331091.63
2691,4,2,0,6,10,22,2,Pune,Furnished,Independent House,35030117.39
1436,5,3,0,19,4,26,2,Nagpur,Furnished,Apartment,7384733.22
3049,5,4,0,5,17,27,0,Hyderabad,Unfurnished,Apartment,18542608.71
3922,3,4,0,21,18,18,0,Delhi,Unfurnished,Independent House,31171964.82
2293,2,3,3,15,11,27,0,Pune,Furnished,Apartment,15818435.99
2590,3,2,0,3,10,19,0,Chennai,Semi-Furnished,Independent House,15558352.97
4802,5,1,0,21,14,15,1,Nagpur,Furnished,Apartment,18720757.07
2340,4,2,1,13,4,24,2,Hyderabad,Semi-Furnished,Apartment,16069354.59
1144,5,4,0,7,6,16,0,Delhi,Unfurnished,Villa,14764870.08
4378,1,3,0,19,20,28,2,Nagpur,Semi-Furnished,Apartment,22082764.15
3638,5,4,1,1,16,23,2,Hyderabad,Unfurnished,Apartment,24962577.63
2711,4,3,2,19,8,26,2,Bangalore,Unfurnished,Independent House,17580128.07
3939,2,4,1,11,9,11,1,Mumbai,Unfurnished,Independent House,43034009.8
2917,2,3,2,11,5,5,0,Mumbai,Semi-Furnished,Apartment,41481832.9
2215,2,2,2,24,15,27,1,Bangalore,Unfurnished,Apartment,13222728.31
2436,4,1,3,29,18,20,1,Pune,Furnished,Apartment,22154800.97
3873,5,4,3,1,16,26,1,Hyderabad,Semi-Furnished,Apartment,38877115.04
4885,4,3,0,24,11,18,2,Mumbai,Furnished,Apartment,49611811.18
1155,2,1,0,30,14,28,1,Nagpur,Semi-Furnished,Apartment,6003693.69
1451,2,1,2,29,7,7,0,Delhi,Unfurnished,Independent House,10289802.09
3822,1,4,1,21,18,27,1,Nagpur,Unfurnished,Apartment,22162471.71
2467,3,3,0,22,13,14,2,Chennai,Semi-Furnished,Independent House,21302023.59
872,1,2,2,6,19,30,1,Delhi,Unfurnished,Independent House,8111041.36
4541,4,1,0,8,13,19,0,Pune,Unfurnished,Apartment,41317088.27
1587,4,4,2,25,2,16,0,Hyderabad,Semi-Furnished,Apartment,7692777.87
4518,3,2,0,7,18,27,0,Delhi,Furnished,Apartment,52729571.1
928,4,4,1,8,12,28,2,Delhi,Unfurnished,Apartment,11170925.92
3147,4,1,3,22,18,24,0,Nagpur,Semi-Furnished,Apartment,12441655.12
1731,2,2,1,10,11,16,0,Pune,Furnished,Apartment,15233111.61
2429,3,1,3,27,11,15,2,Delhi,Semi-Furnished,Independent House,19385072.79
1610,3,1,0,0,6,29,2,Mumbai,Unfurnished,Apartment,15487747.79
750,5,2,2,20,13,21,1,Bangalore,Unfurnished,Apartment,8592523.51
3063,4,2,2,26,19,24,0,Mumbai,Semi-Furnished,Apartment,36797270.97
2249,5,2,1,27,17,17,0,Bangalore,Furnished,Independent House,15121374.72
1384,4,3,2,29,0,7,1,Pune,Furnished,Apartment,9416161.63
1409,2,3,3,9,6,10,0,Bangalore,Furnished,Villa,17772539.23
4156,5,1,0,5,6,18,0,Mumbai,Furnished,Villa,41164326.17
1608,4,3,3,19,16,27,1,Pune,Semi-Furnished,Apartment,14012473.66
3933,1,2,3,28,18,28,2,Pune,Semi-Furnished,Villa,24849124.36
4843,5,2,3,13,5,10,0,Nagpur,Semi-Furnished,Apartment,29914863.39
2102,3,3,3,13,3,3,0,Bangalore,Unfurnished,Apartment,21935964.89
955,2,3,3,6,2,17,2,Delhi,Semi-Furnished,Apartment,6548381.88
1470,5,4,2,5,9,18,2,Pune,Unfurnished,Apartment,16137075.11
3969,1,2,3,18,5,23,0,Chennai,Unfurnished,Independent House,18141081.61
3047,4,1,2,7,18,27,2,Bangalore,Unfurnished,Apartment,36011269.81
3798,1,3,3,16,3,14,2,Nagpur,Unfurnished,Independent House,27158199.5
1830,3,1,0,26,1,5,2,Hyderabad,Unfurnished,Apartment,12576696.4
1355,1,3,3,7,9,25,2,Nagpur,Unfurnished,Apartment,10313824.86
2912,3,1,1,27,1,25,1,Mumbai,Semi-Furnished,Apartment,30081597.04
2475,4,2,2,25,19,26,1,Delhi,Furnished,Apartment,16773526.92
2801,3,4,3,0,16,20,2,Pune,Unfurnished,Independent House,33846489.07
889,1,4,3,19,1,20,1,Nagpur,Unfurnished,Apartment,4179417.18
694,4,2,0,23,19,24,1,Bangalore,Unfurnished,Villa,8661661.0
2442,5,2,2,27,11,15,1,Delhi,Semi-Furnished,Apartment,20303252.16
1192,2,4,1,13,5,16,1,Bangalore,Semi-Furnished,Villa,20443630.89
1460,3,3,0,14,4,13,1,Pune,Semi-Furnished,Apartment,11718871.66
4024,2,3,0,0,2,26,1,Mumbai,Semi-Furnished,Apartment,52904148.03
1385,1,3,2,21,20,30,0,Mumbai,Unfurnished,Apartment,16790580.15
3500,3,2,0,3,5,12,1,Chennai,Semi-Furnished,Apartment,28506496.07
3470,2,3,1,20,0,12,1,Mumbai,Furnished,Apartment,40221711.71
3876,1,1,1,5,10,15,2,Pune,Unfurnished,Apartment,18797473.43
3648,1,3,1,27,3,23,0,Chennai,Unfurnished,Apartment,13702987.86
2295,2,2,0,8,18,18,0,Mumbai,Furnished,Apartment,26098524.88
2461,5,3,2,18,20,29,1,Chennai,Furnished,Apartment,15209536.84
4629,4,2,1,17,1,3,0,Chennai,Furnished,Apartment,21376095.71
510,5,1,1,7,2,23,0,Bangalore,Unfurnished,Apartment,6130678.6
2088,2,4,3,18,8,9,1,Delhi,Furnished,Independent House,15039958.1
3983,2,3,3,12,2,3,0,Delhi,Furnished,Apartment,35386247.8
1226,5,1,0,1,12,20,2,Nagpur,Unfurnished,Independent House,7424953.65
3308,1,2,2,16,17,21,1,Chennai,Unfurnished,Apartment,14200201.04
908,5,1,2,5,7,29,2,Nagpur,Furnished,Apartment,6709560.2
426,2,3,0,16,0,18,2,Delhi,Unfurnished,Independent House,5650592.81
2477,5,3,1,1,15,24,1,Hyderabad,Furnished,Apartment,26334582.03
4239,1,1,0,19,1,30,1,Bangalore,Furnished,Independent House,54953111.68
3963,4,2,3,3,19,30,2,Mumbai,Unfurnished,Apartment,37395645.86
2918,2,1,2,26,5,8,2,Mumbai,Semi-Furnished,Independent House,18864590.6
4101,1,1,0,27,19,30,0,Bangalore,Unfurnished,Apartment,19368324.4
980,3,3,1,23,8,12,2,Bangalore,Unfurnished,Apartment,6431415.31
1657,2,3,2,1,18,29,2,Mumbai,Unfurnished,Apartment,15330181.69
2415,2,2,3,19,4,11,1,Delhi,Unfurnished,Apartment,17852488.35
1752,5,4,1,25,1,5,1,Mumbai,Furnished,Apartment,13627123.69
4311,2,3,3,25,3,7,0,Pune,Unfurnished,Apartment,31061468.58
4163,4,3,2,29,8,27,2,Delhi,Unfurnished,Apartment,20700210.88
3273,2,3,0,19,11,30,1,Pune,Semi-Furnished,Apartment,19192248.22
2513,5,4,1,9,2,21,2,Mumbai,Unfurnished,Apartment,23694484.42
2881,5,1,2,3,14,24,2,Delhi,Unfurnished,Apartment,34000166.84
4868,2,3,2,8,16,27,1,Nagpur,Semi-Furnished,Villa,48948813.62
539,2,1,0,19,2,22,0,Chennai,Furnished,Apartment,4215268.16
2469,2,2,3,11,10,11,2,Hyderabad,Unfurnished,Apartment,17616309.44
598,4,4,1,6,2,9,1,Delhi,Unfurnished,Independent House,4495601.06
3019,1,1,3,28,12,22,0,Mumbai,Unfurnished,Independent House,30100440.61
3450,4,2,2,19,13,29,0,Bangalore,Unfurnished,Apartment,23909030.94
1585,5,2,0,14,8,21,0,Pune,Semi-Furnished,Apartment,11082741.4
1627,2,4,3,19,16,19,1,Mumbai,Unfurnished,Apartment,9848277.51
3514,2,2,1,27,11,19,0,Mumbai,Unfurnished,Apartment,32205960.52
4887,5,4,3,2,12,28,1,Bangalore,Semi-Furnished,Independent House,73568902.3
3759,3,1,0,3,18,22,1,Delhi,Furnished,Apartment,30906794.05
4713,3,1,3,19,8,27,1,Mumbai,Furnished,Apartment,40564363.64
2670,2,2,3,12,6,19,0,Mumbai,Furnished,Apartment,23828579.27
3250,5,2,1,20,10,23,0,Pune,Unfurnished,Independent House,19457866.15
3591,1,1,3,4,10,28,2,Mumbai,Unfurnished,Independent House,27125282.99
2554,1,3,3,9,8,10,1,Bangalore,Furnished,Apartment,17561372.11
3823,5,1,0,5,20,21,2,Hyderabad,Unfurnished,Apartment,31699465.68
3092,5,4,0,14,19,21,2,Delhi,Semi-Furnished,Apartment,25451375.29
3899,4,4,1,30,2,22,2,Mumbai,Unfurnished,Apartment,25194780.36
4887,3,3,0,20,3,8,1,Bangalore,Unfurnished,Apartment,29691339.76
4387,2,3,0,15,18,26,2,Hyderabad,Furnished,Apartment,27294246.43
4876,2,1,2,21,20,20,0,Chennai,Furnished,Independent House,36244144.6
1915,2,2,2,0,5,9,1,Hyderabad,Furnished,Apartment,10904304.01
4286,5,2,2,23,5,9,1,Chennai,Semi-Furnished,Apartment,38388291.49
4978,2,4,2,20,8,8,0,Pune,Unfurnished,Apartment,17465190.95
1470,1,2,1,21,7,30,2,Bangalore,Semi-Furnished,Apartment,9285739.32
2044,5,2,1,3,13,15,2,Bangalore,Semi-Furnished,Apartment,28073203.11
4963,1,4,3,23,7,30,2,Mumbai,Unfurnished,Apartment,49171174.23
712,3,2,3,23,6,7,0,Delhi,Unfurnished,Apartment,3826787.49
2711,3,2,0,26,8,23,2,Pune,Furnished,Apartment,23007065.0
3962,1,1,1,9,6,13,2,Delhi,Unfurnished,Villa,33399200.96
3489,3,1,2,14,12,18,1,Chennai,Furnished,Apartment,17031507.54
4104,3,2,0,13,13,15,2,Delhi,Semi-Furnished,Apartment,35844187.63
3247,3,2,1,23,11,28,1,Delhi,Furnished,Apartment,22584048.59
679,4,4,0,28,10,23,1,Mumbai,Semi-Furnished,Apartment,6912287.47
4603,5,3,0,24,9,15,1,Bangalore,Semi-Furnished,Apartment,32611144.92
3397,4,4,3,24,10,22,1,Chennai,Unfurnished,Independent House,14879258.16
2960,5,1,0,22,6,8,0,Mumbai,Furnished,Independent House,24811053.47
2287,4,4,1,12,15,21,1,Bangalore,Unfurnished,Apartment,21516667.13
1150,2,1,1,16,13,25,1,Pune,Semi-Furnished,Apartment,11496756.06
2109,2,4,2,26,10,22,2,Hyderabad,Unfurnished,Independent House,8904084.18
2774,4,2,2,24,0,2,2,Mumbai,Unfurnished,Independent House,20885582.17
3444,4,1,1,24,6,14,0,Bangalore,Semi-Furnished,Apartment,20600755.18
3594,3,1,1,23,14,18,1,Pune,Unfurnished,Independent House,34778889.48
3920,1,2,1,21,1,25,0,Mumbai,Semi-Furnished,Apartment,45399572.77
3174,2,2,1,5,12,20,0,Bangalore,Semi-Furnished,Apartment,38151307.4
2962,2,3,1,2,19,26,0,Mumbai,Semi-Furnished,Apartment,32679449.46
859,5,1,0,5,3,21,1,Mumbai,Unfurnished,Apartment,6964296.88
3110,4,4,3,7,8,13,1,Pune,Unfurnished,Apartment,19783841.26
1946,3,1,1,25,4,16,0,Nagpur,Unfurnished,Apartment,8696327.81
603,4,2,1,25,11,23,1,Nagpur,Furnished,Independent House,5461498.76
1841,1,2,3,10,0,19,2,Pune,Semi-Furnished,Apartment,15920283.67
1666,1,4,3,30,20,24,0,Mumbai,Semi-Furnished,Apartment,12099153.09
4819,4,1,0,17,4,7,0,Bangalore,Semi-Furnished,Apartment,23144529.99
2652,1,4,3,23,1,28,2,Chennai,Unfurnished,Apartment,13224333.03
3964,2,3,1,3,4,11,0,Chennai,Unfurnished,Independent House,30579606.02
1911,3,3,0,3,18,28,0,Mumbai,Semi-Furnished,Apartment,19511568.19
3828,1,4,0,17,9,17,1,Bangalore,Semi-Furnished,Apartment,30948446.85
1998,3,1,3,6,19,20,1,Bangalore,Furnished,Apartment,28201363.45
770,4,1,2,21,2,14,2,Chennai,Unfurnished,Apartment,4415724.12
1606,2,3,2,25,1,10,0,Pune,Semi-Furnished,Independent House,9792142.57
2765,5,2,0,11,14,25,0,Bangalore,Furnished,Apartment,25579542.37
2626,5,4,0,29,5,27,0,Pune,Furnished,Apartment,19309249.9
1840,1,3,1,4,14,19,1,Pune,Unfurnished,Apartment,9018919.15
3064,3,4,2,0,0,1,1,Delhi,Furnished,Independent House,34922772.25
4555,3,3,3,1,0,10,1,Delhi,Furnished,Apartment,44621810.31
3930,4,1,3,27,15,21,1,Mumbai,Unfurnished,Apartment,22022481.25
4614,1,1,1,12,3,26,1,Mumbai,Furnished,Apartment,58901544.06
1530,4,3,1,22,11,17,1,Nagpur,Semi-Furnished,Apartment,6268442.27
3290,5,1,0,25,9,18,1,Hyderabad,Unfurnished,Independent House,12965069.42
2388,1,3,3,9,18,25,0,Chennai,Unfurnished,Villa,15746700.5
403,4,4,2,1,5,7,0,Delhi,Unfurnished,Apartment,5769232.9
3636,5,3,0,28,4,10,2,Pune,Semi-Furnished,Apartment,18602103.37
2052,4,1,1,15,10,21,1,Mumbai,Semi-Furnished,Apartment,22137740.94
1224,3,4,1,13,1,4,1,Bangalore,Semi-Furnished,Apartment,9662074.77
1046,2,2,3,15,19,20,0,Mumbai,Semi-Furnished,Apartment,13282510.42
984,5,2,1,28,15,20,1,Bangalore,Semi-Furnished,Independent House,8086685.28
4859,1,1,1,25,13,24,2,Mumbai,Unfurnished,Apartment,28912045.5
3296,5,4,3,29,7,11,1,Nagpur,Semi-Furnished,Apartment,11378399.77
1861,4,4,0,17,12,16,1,Pune,Semi-Furnished,Apartment,9505869.99
4988,5,2,1,10,2,14,1,Pune,Furnished,Independent House,44862167.43
4056,5,4,0,5,5,13,1,Hyderabad,Semi-Furnished,Apartment,38454069.08
2626,2,1,0,17,8,11,2,Delhi,Semi-Furnished,Apartment,17871015.23
3923,1,1,1,25,16,27,2,Mumbai,Unfurnished,Apartment,36157716.64
4580,2,3,2,21,9,24,2,Bangalore,Semi-Furnished,Apartment,27991204.04
4168,5,4,2,22,14,28,2,Hyderabad,Semi-Furnished,Apartment,21856558.33
3732,1,4,1,30,20,26,1,Mumbai,Furnished,Apartment,29130783.16
2246,5,1,3,21,3,11,1,Delhi,Semi-Furnished,Independent House,15361646.5
1495,1,1,0,10,7,24,2,Chennai,Unfurnished,Independent House,10133698.34
2558,1,1,2,13,0,8,0,Bangalore,Semi-Furnished,Villa,26785129.18
3388,1,4,3,0,3,7,2,Pune,Unfurnished,Independent House,31670188.37
1071,5,4,2,27,2,10,2,Delhi,Furnished,Villa,10703973.84
1647,2,3,0,13,14,29,0,Hyderabad,Furnished,Apartment,10574147.84
1380,1,4,0,19,18,26,0,Mumbai,Semi-Furnished,Villa,19506423.25
1885,4,4,3,21,13,25,0,Hyderabad,Unfurnished,Apartment,7478534.63
2357,2,2,3,4,14,15,1,Mumbai,Semi-Furnished,Apartment,28040669.18
1200,2,3,2,28,3,30,0,Bangalore,Unfurnished,Apartment,9283926.85
2991,3,3,0,23,19,21,0,Mumbai,Furnished,Apartment,30791419.17
3273,1,1,2,5,19,20,2,Nagpur,Unfurnished,Independent House,20355485.05
1722,5,3,2,20,10,30,0,Delhi,Semi-Furnished,Independent House,14739398.86
4840,3,2,1,6,17,28,0,Chennai,Unfurnished,Independent House,45235799.53
4592,4,4,0,10,1,22,0,Delhi,Unfurnished,Apartment,46403648.9
1705,3,1,1,25,0,9,0,Pune,Semi-Furnished,Apartment,10406492.68
1368,1,4,3,30,13,25,0,Hyderabad,Semi-Furnished,Apartment,8049807.48
419,4,4,3,18,20,30,2,Nagpur,Semi-Furnished,Apartment,4516362.62
4559,3,1,0,8,18,27,2,Hyderabad,Furnished,Apartment,29498930.6
538,3,1,1,14,7,27,1,Bangalore,Unfurnished,Apartment,5284026.15
486,1,2,1,26,1,29,1,Mumbai,Semi-Furnished,Independent House,5863632.21
3907,4,3,0,4,8,14,1,Nagpur,Furnished,Apartment,15041123.32
3169,2,4,0,23,12,30,0,Bangalore,Unfurnished,Independent House,20695731.69
1627,1,4,2,28,6,10,0,Pune,Unfurnished,Apartment,12729298.06
2274,1,2,1,18,0,15,2,Nagpur,Unfurnished,Apartment,12887987.78
572,3,3,1,5,12,23,0,Mumbai,Unfurnished,Independent House,10201093.16
2146,4,2,2,14,7,12,2,Nagpur,Semi-Furnished,Apartment,11578262.3
1985,2,2,1,22,11,23,1,Delhi,Furnished,Apartment,13728605.61
3666,1,3,1,27,16,26,2,Bangalore,Semi-Furnished,Apartment,18274308.86
3176,4,1,1,29,13,28,2,Delhi,Unfurnished,Apartment,14214129.92
805,3,4,3,21,15,21,2,Mumbai,Unfurnished,Apartment,8063220.94
784,1,4,0,26,3,24,2,Delhi,Semi-Furnished,Apartment,5289923.71
622,4,3,2,3,10,20,0,Mumbai,Semi-Furnished,Villa,14353959.21
569,4,2,0,21,10,30,2,Pune,Unfurnished,Independent House,4307630.86
2346,2,3,0,11,14,23,1,Mumbai,Furnished,Apartment,15985140.33
786,2,3,0,20,7,21,1,Nagpur,Unfurnished,Apartment,5214196.69
404,5,1,2,12,15,17,2,Mumbai,Unfurnished,Independent House,4303002.89
2910,4,4,1,14,17,19,1,Hyderabad,Unfurnished,Apartment,14894627.95
4462,5,3,0,20,1,1,0,Mumbai,Semi-Furnished,Apartment,51571590.87
2398,3,1,2,23,12,30,2,Mumbai,Unfurnished,Apartment,26250917.32
1358,2,4,1,17,0,23,0,Hyderabad,Furnished,Apartment,13027676.39
1605,1,2,2,13,4,24,1,Chennai,Semi-Furnished,Apartment,8868017.96
3935,2,4,2,19,2,9,1,Pune,Unfurnished,Independent House,23601726.26
2884,1,2,2,20,15,22,0,Bangalore,Semi-Furnished,Apartment,25513005.44
3220,5,2,2,14,10,13,1,Delhi,Unfurnished,Independent House,17010497.62
2600,5,2,3,11,1,25,0,Pune,Semi-Furnished,Apartment,25363845.82
2348,5,4,3,26,7,9,2,Mumbai,Semi-Furnished,Apartment,28921457.37
2817,5,2,1,3,20,29,1,Hyderabad,Unfurnished,Apartment,12860630.49
2280,1,2,2,9,9,23,2,Mumbai,Unfurnished,Independent House,32382790.36
3662,3,4,0,27,2,7,1,Nagpur,Unfurnished,Villa,17244204.75
4633,4,4,3,22,16,19,1,Mumbai,Unfurnished,Apartment,53905751.81
1519,4,3,3,8,0,5,2,Hyderabad,Semi-Furnished,Apartment,9702686.59
3523,3,2,0,22,13,13,1,Chennai,Furnished,Apartment,19416032.44
867,3,3,2,2,1,5,1,Mumbai,Furnished,Villa,15077781.3
2233,3,3,1,13,8,26,2,Delhi,Semi-Furnished,Apartment,21744842.21
3734,3,3,2,17,10,12,0,Pune,Semi-Furnished,Apartment,18904431.54
2506,1,3,2,30,9,11,2,Bangalore,Semi-Furnished,Apartment,22091192.96
843,4,2,2,22,15,19,0,Delhi,Unfurnished,Apartment,8300972.37
1797,5,3,1,30,19,19,2,Delhi,Semi-Furnished,Apartment,13829594.23
3392,4,1,0,11,6,29,2,Mumbai,Unfurnished,Independent House,26583798.51
1381,3,4,0,30,19,29,1,Pune,Semi-Furnished,Independent House,10777584.71
970,3,3,2,26,5,30,0,Mumbai,Unfurnished,Apartment,10719263.44
958,2,2,1,15,12,20,2,Mumbai,Unfurnished,Independent House,12011570.07
3753,3,1,3,28,10,23,0,Hyderabad,Unfurnished,Apartment,17456284.9
796,1,1,0,25,8,17,0,Nagpur,Semi-Furnished,Apartment,3672548.73
4712,3,2,1,7,2,5,2,Nagpur,Semi-Furnished,Apartment,36737341.29
1621,5,4,2,29,14,14,2,Chennai,Unfurnished,Independent House,15989141.74
1217,3,4,1,17,8,19,0,Mumbai,Unfurnished,Apartment,11441352.33
4853,2,2,0,24,12,12,1,Bangalore,Unfurnished,Apartment,46188938.32
877,1,1,3,29,15,18,0,Hyderabad,Unfurnished,Apartment,5561857.43
3450,3,4,2,29,1,18,1,Mumbai,Unfurnished,Independent House,30071937.96
3750,1,2,1,8,18,28,0,Nagpur,Unfurnished,Apartment,14069134.23
3103,3,3,1,14,3,6,0,Bangalore,Furnished,Apartment,20221412.44
2099,1,3,1,12,8,20,0,Nagpur,Unfurnished,Apartment,14358771.78
1295,2,2,3,28,13,24,2,Mumbai,Unfurnished,Apartment,12047151.57
4034,1,3,1,5,12,12,0,Pune,Unfurnished,Apartment,38016262.6
2743,1,2,1,15,5,5,2,Delhi,Furnished,Villa,19095650.99
3044,2,1,1,7,20,22,0,Delhi,Furnished,Apartment,17165510.78
3730,3,4,1,10,1,17,2,Delhi,Furnished,Villa,49538181.07
753,4,2,3,30,0,8,2,Nagpur,Semi-Furnished,Apartment,5901148.67
3076,4,3,3,20,1,3,1,Bangalore,Unfurnished,Apartment,24815427.1
2161,1,2,3,26,14,26,1,Mumbai,Semi-Furnished,Apartment,26981646.76
4475,2,3,3,7,5,7,1,Bangalore,Semi-Furnished,Independent House,37581572.43
2003,2,2,1,16,3,7,0,Delhi,Unfurnished,Apartment,12150098.67
400,3,1,1,9,11,24,2,Mumbai,Furnished,Apartment,7656127.75
703,5,4,3,6,10,12,1,Chennai,Unfurnished,Independent House,10178499.21
2227,1,4,2,6,15,26,2,Nagpur,Semi-Furnished,Apartment,16026398.15
4181,5,3,1,30,2,30,1,Bangalore,Unfurnished,Villa,41152057.36
4247,2,3,3,5,16,26,0,Chennai,Unfurnished,Apartment,27374799.26
1249,2,1,3,15,1,30,2,Pune,Unfurnished,Independent House,10931722.12
4510,3,3,1,30,11,27,0,Mumbai,Semi-Furnished,Apartment,51100324.92
2665,3,4,2,27,4,26,0,Mumbai,Semi-Furnished,Apartment,19775962.69
2107,4,3,2,25,19,24,1,Mumbai,Semi-Furnished,Independent House,27747606.86
899,4,3,3,5,11,17,1,Nagpur,Semi-Furnished,Apartment,6946490.48
4467,5,1,3,15,5,13,0,Chennai,Semi-Furnished,Apartment,36946298.21
2728,4,1,1,4,3,13,1,Delhi,Furnished,Apartment,32239677.61
502,5,1,1,5,17,30,0,Delhi,Semi-Furnished,Independent House,8314317.7
4762,4,1,1,4,19,23,2,Delhi,Furnished,Apartment,61502640.32
2984,1,1,0,24,15,16,2,Hyderabad,Unfurnished,Independent House,21087080.51
3155,5,3,2,12,18,29,1,Delhi,Semi-Furnished,Villa,51450483.27
1692,5,1,2,13,11,15,1,Bangalore,Semi-Furnished,Villa,28549613.7
1182,2,4,0,19,17,28,2,Mumbai,Unfurnished,Apartment,16042520.01
4961,4,4,3,3,14,22,0,Pune,Furnished,Apartment,40449200.46
1179,5,3,0,21,9,22,0,Bangalore,Unfurnished,Independent House,11983709.64
3569,2,4,0,12,13,14,0,Mumbai,Semi-Furnished,Apartment,37336366.5
615,1,2,1,18,13,22,0,Mumbai,Semi-Furnished,Apartment,7088205.51
2006,4,2,3,4,5,20,2,Chennai,Semi-Furnished,Apartment,16511895.11
4825,2,1,3,9,7,10,2,Pune,Unfurnished,Apartment,36574551.75
4422,5,3,2,8,1,12,2,Hyderabad,Unfurnished,Apartment,36629169.28
4782,3,3,1,8,20,28,2,Delhi,Unfurnished,Independent House,46036509.52
2947,4,4,1,27,18,24,0,Chennai,Unfurnished,Independent House,16962251.69
4666,2,4,2,14,12,30,1,Mumbai,Semi-Furnished,Apartment,44158333.04
3830,4,3,1,8,6,28,0,Mumbai,Unfurnished,Apartment,28117323.79
1311,5,3,3,25,7,30,0,Bangalore,Semi-Furnished,Apartment,9525015.29
2950,3,2,3,17,17,24,2,Pune,Unfurnished,Independent House,20764946.13
1148,5,3,1,9,19,26,2,Pune,Unfurnished,Apartment,11769106.58
4480,3,4,0,2,9,18,0,Chennai,Semi-Furnished,Apartment,42596997.93
4962,5,2,0,4,8,8,0,Mumbai,Semi-Furnished,Apartment,72961367.85
3518,4,2,2,20,15,29,0,Delhi,Unfurnished,Independent House,37681416.79
2472,5,3,3,4,5,14,2,Pune,Semi-Furnished,Apartment,25415423.34
4964,3,1,1,5,7,28,1,Bangalore,Furnished,Independent House,32276955.8
867,4,4,0,2,8,29,0,Hyderabad,Semi-Furnished,Apartment,4689397.73
1349,3,2,3,3,3,8,1,Mumbai,Unfurnished,Independent House,16223960.1
800,2,2,1,8,20,22,2,Hyderabad,Semi-Furnished,Apartment,5959630.3
3873,1,4,1,2,6,13,2,Pune,Furnished,Independent House,39688220.78
2451,1,4,3,15,14,30,0,Mumbai,Semi-Furnished,Apartment,29529909.23
680,3,2,3,8,0,1,0,Bangalore,Unfurnished,Apartment,4582368.77
602,2,4,0,9,4,14,2,Pune,Unfurnished,Villa,7780774.2
4821,3,1,3,21,15,15,0,Bangalore,Semi-Furnished,Apartment,25201239.18
579,2,4,2,21,10,16,1,Chennai,Unfurnished,Independent House,5756375.3
4543,4,3,1,16,14,29,1,Delhi,Unfurnished,Apartment,30099357.57
2120,1,3,1,22,15,19,1,Bangalore,Unfurnished,Apartment,13629097.04
799,1,1,0,2,16,28,2,Chennai,Semi-Furnished,Villa,5520778.33
3202,5,3,0,12,6,13,0,Hyderabad,Unfurnished,Independent House,20705026.17
3505,1,2,1,14,8,30,1,Mumbai,Furnished,Apartment,24985139.13
1191,2,1,0,2,6,17,2,Chennai,Unfurnished,Apartment,8418687.74
3871,4,2,0,21,5,21,2,Chennai,Unfurnished,Apartment,31831069.27
812,2,1,2,8,0,22,0,Mumbai,Unfurnished,Apartment,10350987.97
1786,5,4,2,6,13,15,0,Delhi,Unfurnished,Villa,16695941.67
1802,5,1,1,29,5,25,1,Delhi,Semi-Furnished,Apartment,8674922.2
2588,3,1,1,11,13,14,1,Mumbai,Furnished,Independent House,25920444.82
1405,3,2,3,27,8,10,2,Pune,Semi-Furnished,Apartment,13025750.32
2931,4,2,3,7,10,28,0,Mumbai,Furnished,Apartment,35488476.92
2130,1,1,2,17,17,23,0,Bangalore,Unfurnished,Independent House,11216466.76
2553,3,3,2,24,19,23,0,Chennai,Semi-Furnished,Apartment,18068630.59
3515,1,4,2,7,2,24,0,Pune,Furnished,Independent House,40712755.01
1804,3,2,0,14,13,13,1,Pune,Unfurnished,Apartment,15569664.92
1844,1,2,1,10,16,20,2,Bangalore,Unfurnished,Apartment,10614247.98
3101,4,2,1,1,1,17,0,Bangalore,Unfurnished,Apartment,17588872.92
1960,4,1,2,5,6,21,2,Delhi,Furnished,Independent House,14350176.05
2848,3,1,3,2,18,27,0,Chennai,Semi-Furnished,Apartment,31673660.1
4355,2,4,0,7,3,25,2,Chennai,Semi-Furnished,Villa,29305374.67
3687,1,1,1,7,2,17,0,Nagpur,Unfurnished,Apartment,15189229.52
1203,4,1,0,8,2,10,2,Nagpur,Furnished,Apartment,6726819.42
2878,1,1,1,6,19,30,0,Delhi,Semi-Furnished,Apartment,32312614.44
2266,5,1,1,24,11,22,1,Mumbai,Unfurnished,Independent House,25286022.47
2003,3,4,3,27,14,23,0,Mumbai,Furnished,Apartment,11841348.44
1950,5,3,1,29,7,30,1,Pune,Semi-Furnished,Villa,12555449.57
3560,1,4,1,28,2,9,0,Chennai,Semi-Furnished,Villa,19667354.12
4718,1,3,3,14,4,12,0,Delhi,Semi-Furnished,Apartment,37722319.67
3190,4,4,1,15,20,26,2,Delhi,Semi-Furnished,Apartment,29628770.53
3880,2,3,1,15,4,23,2,Pune,Unfurnished,Independent House,38245016.37
1535,4,4,3,12,0,2,1,Bangalore,Furnished,Apartment,12307982.27
3675,3,4,3,0,1,3,1,Mumbai,Furnished,Villa,62698344.05
4642,4,2,0,9,18,21,1,Delhi,Furnished,Independent House,45658922.14
3310,5,2,3,4,3,13,0,Bangalore,Unfurnished,Apartment,38137784.06
4652,5,3,0,19,9,20,1,Nagpur,Furnished,Apartment,21064479.71
3495,2,4,1,14,18,23,0,Pune,Semi-Furnished,Apartment,24616166.74
2573,3,2,3,23,2,7,1,Bangalore,Unfurnished,Villa,30670867.97
943,1,2,1,29,5,18,0,Chennai,Furnished,Villa,5545787.78
4111,1,2,3,28,0,17,1,Bangalore,Unfurnished,Apartment,20634563.22
1483,3,2,3,25,10,27,0,Hyderabad,Semi-Furnished,Apartment,11130844.99
4598,1,3,3,21,18,24,1,Chennai,Semi-Furnished,Independent House,40432387.83
2230,1,1,2,7,10,28,1,Hyderabad,Semi-Furnished,Apartment,13724821.25
1164,3,3,3,15,0,4,2,Nagpur,Unfurnished,Apartment,5646295.54
3121,2,3,1,15,2,29,2,Delhi,Furnished,Apartment,28639474.87
763,5,3,0,0,12,12,0,Mumbai,Furnished,Independent House,15285747.1
4873,2,3,2,2,13,27,0,Bangalore,Unfurnished,Independent House,38587071.59
2964,5,4,2,4,2,16,0,Mumbai,Furnished,Apartment,32511058.63
3948,4,3,3,1,9,14,1,Mumbai,Semi-Furnished,Apartment,58999009.16
4093,1,4,3,18,19,20,2,Hyderabad,Furnished,Independent House,36835331.31
2783,3,1,1,30,12,26,2,Mumbai,Semi-Furnished,Villa,28783179.73
2778,2,1,3,9,9,21,0,Bangalore,Semi-Furnished,Independent House,26438274.89
2980,2,1,3,28,16,21,2,Chennai,Unfurnished,Independent House,25180456.22
3205,3,3,0,6,9,15,2,Bangalore,Unfurnished,Apartment,25217685.09
3011,3,2,0,30,17,27,2,Hyderabad,Semi-Furnished,Apartment,16979925.0
4461,1,4,2,14,16,28,2,Chennai,Unfurnished,Independent House,34556161.03
4741,3,2,2,6,20,25,1,Pune,Semi-Furnished,Apartment,48289887.01
3669,4,1,1,5,2,9,2,Pune,Unfurnished,Apartment,31454506.87
4193,5,2,1,28,1,5,2,Nagpur,Unfurnished,Apartment,14190399.85
4097,5,2,1,10,17,25,2,Mumbai,Semi-Furnished,Villa,48447020.1
3749,4,3,0,16,13,25,2,Bangalore,Unfurnished,Apartment,38583437.99
2574,1,2,2,23,17,17,2,Mumbai,Unfurnished,Apartment,17691986.29
2275,2,4,1,1,12,27,1,Nagpur,Semi-Furnished,Villa,22707420.65
1959,4,3,2,11,11,16,2,Nagpur,Furnished,Independent House,10065309.49
3940,2,4,1,15,3,11,1,Delhi,Unfurnished,Villa,36649022.2
3946,1,4,0,29,3,23,1,Delhi,Semi-Furnished,Apartment,27600081.29
464,1,1,2,22,14,21,1,Pune,Furnished,Apartment,2912982.35
1254,5,3,2,18,17,29,1,Delhi,Unfurnished,Apartment,9651961.47
3358,5,1,3,25,18,28,2,Bangalore,Semi-Furnished,Apartment,35205439.05
3998,4,3,3,4,17,28,1,Mumbai,Unfurnished,Apartment,45638446.87
2076,4,4,2,3,10,18,1,Hyderabad,Unfurnished,Apartment,17975088.72
2285,2,3,1,23,9,20,0,Mumbai,Unfurnished,Apartment,25475809.84
989,3,3,0,16,5,7,2,Hyderabad,Semi-Furnished,Apartment,8835281.07
983,5,1,0,22,13,17,2,Nagpur,Unfurnished,Apartment,4508154.4
2986,5,2,0,19,10,15,0,Pune,Unfurnished,Apartment,24017243.33
2396,5,4,0,25,4,5,1,Nagpur,Furnished,Independent House,10537540.89
2564,2,1,2,14,7,24,0,Nagpur,Unfurnished,Apartment,14680790.05
2236,4,3,3,22,6,21,0,Delhi,Unfurnished,Independent House,25201965.27
2557,3,1,0,30,4,19,2,Mumbai,Unfurnished,Apartment,12601243.03
3418,1,4,1,4,16,18,2,Delhi,Semi-Furnished,Apartment,39457958.62
3709,5,2,0,24,15,16,2,Hyderabad,Unfurnished,Apartment,13749615.77
3209,2,4,1,12,8,29,0,Nagpur,Unfurnished,Apartment,20347903.55
1862,1,1,3,7,17,24,0,Delhi,Furnished,Apartment,21301201.55
879,3,1,0,0,19,25,0,Bangalore,Semi-Furnished,Apartment,9391930.67
2284,3,3,1,25,20,21,0,Bangalore,Semi-Furnished,Apartment,23317614.49
2448,4,4,0,16,16,30,2,Delhi,Furnished,Apartment,22631199.34
3481,4,4,0,23,11,29,0,Bangalore,Unfurnished,Apartment,30523632.23
949,3,1,1,26,20,21,0,Chennai,Unfurnished,Apartment,4084044.94
4444,4,4,0,2,7,27,2,Mumbai,Semi-Furnished,Independent House,74291485.91
4994,4,2,1,0,13,15,0,Nagpur,Semi-Furnished,Independent House,24506721.61
2157,2,2,1,2,13,27,1,Chennai,Unfurnished,Villa,15685885.71
758,1,3,3,18,12,28,1,Pune,Furnished,Apartment,4780090.86
4602,1,3,3,5,6,7,2,Bangalore,Furnished,Independent House,49045263.62
796,2,1,1,26,19,28,0,Bangalore,Semi-Furnished,Independent House,9362929.79
3856,4,3,2,0,9,18,0,Delhi,Unfurnished,Independent House,34626893.84
4903,3,3,1,15,16,22,0,Mumbai,Semi-Furnished,Villa,46639238.12
1575,1,4,1,20,15,18,2,Bangalore,Furnished,Apartment,16233837.34
2242,4,4,2,26,19,19,1,Bangalore,Unfurnished,Apartment,15138511.6
2782,5,4,2,21,19,26,0,Hyderabad,Unfurnished,Independent House,26139870.82
2020,5,1,2,16,4,13,1,Bangalore,Semi-Furnished,Apartment,11382366.89
1417,4,1,3,11,1,26,2,Mumbai,Unfurnished,Apartment,12063363.92
721,4,4,2,29,0,29,2,Bangalore,Unfurnished,Apartment,7539834.29
2041,5,3,3,20,16,21,0,Delhi,Unfurnished,Independent House,21488566.16
1890,3,2,3,1,20,26,2,Bangalore,Unfurnished,Apartment,21435958.45
4580,4,3,2,25,4,6,0,Bangalore,Semi-Furnished,Independent House,21369675.02
3494,4,1,0,6,0,23,2,Mumbai,Semi-Furnished,Apartment,43360079.75
3778,1,4,0,19,16,20,0,Hyderabad,Furnished,Apartment,26115585.56
1494,2,3,0,13,10,29,2,Hyderabad,Furnished,Apartment,14751140.57
4956,4,3,3,9,16,20,2,Pune,Semi-Furnished,Apartment,47105208.49
2685,1,1,3,28,7,14,2,Mumbai,Unfurnished,Independent House,28126275.06
4816,1,1,3,18,11,16,0,Nagpur,Unfurnished,Apartment,17897214.62
1046,5,4,1,12,20,30,1,Nagpur,Furnished,Villa,8356910.45
3378,1,2,1,22,14,24,2,Mumbai,Semi-Furnished,Villa,37521083.68
506,5,3,2,1,12,28,1,Mumbai,Semi-Furnished,Independent House,10833733.56
1250,3,3,2,3,2,22,1,Delhi,Unfurnished,Apartment,11479576.66
2863,3,3,0,8,19,26,1,Bangalore,Unfurnished,Apartment,21497504.83
3059,4,2,0,13,17,23,2,Chennai,Unfurnished,Apartment,14209537.29
3706,5,1,2,21,14,25,1,Mumbai,Furnished,Apartment,50425572.26
4787,1,1,1,11,19,26,2,Chennai,Unfurnished,Apartment,35588132.62
535,3,3,3,8,4,16,1,Hyderabad,Furnished,Apartment,5134642.78
3901,4,3,0,3,6,12,0,Hyderabad,Furnished,Apartment,20904072.83
4816,4,3,2,16,14,15,0,Mumbai,Unfurnished,Apartment,36771337.55
4422,1,3,0,1,14,27,2,Pune,Unfurnished,Apartment,34738110.43
2131,5,3,0,0,16,25,2,Delhi,Unfurnished,Villa,31162137.18
1291,4,1,1,14,7,28,1,Delhi,Unfurnished,Apartment,9224118.92
1429,4,3,0,30,14,23,1,Nagpur,Semi-Furnished,Independent House,7007348.99
942,5,2,3,8,5,16,2,Pune,Furnished,Apartment,7931924.88
4987,2,3,2,30,3,29,0,Delhi,Unfurnished,Apartment,18135077.61
2211,1,1,1,7,17,25,0,Chennai,Unfurnished,Independent House,13133027.08
4816,3,4,2,3,18,27,2,Bangalore,Unfurnished,Apartment,39539015.18
3079,3,2,2,22,1,30,0,Pune,Unfurnished,Independent House,24415305.32
2158,3,1,3,4,12,25,1,Pune,Furnished,Apartment,16114774.86
4503,1,4,2,9,11,19,2,Pune,Unfurnished,Independent House,47867597.39
1103,2,4,3,25,8,28,0,Bangalore,Semi-Furnished,Apartment,8330564.26
1189,4,4,0,19,11,12,2,Pune,Unfurnished,Apartment,12044373.35
1191,4,3,3,15,16,20,2,Bangalore,Furnished,Apartment,13496960.15
2905,2,1,0,16,10,24,0,Nagpur,Unfurnished,Apartment,13882930.64
4200,1,2,3,10,19,28,1,Nagpur,Furnished,Apartment,15270047.83
4096,4,3,1,13,6,23,2,Delhi,Semi-Furnished,Independent House,30975083.85
3446,2,4,0,13,16,30,0,Mumbai,Semi-Furnished,Apartment,47152178.94
1562,5,3,2,12,16,30,2,Bangalore,Unfurnished,Independent House,15580784.15
2744,4,4,1,17,1,5,2,Bangalore,Unfurnished,Independent House,32072799.49
4597,3,4,1,6,7,8,1,Mumbai,Semi-Furnished,Apartment,58182892.09
4398,4,1,1,28,12,28,0,Mumbai,Furnished,Independent House,35984372.89
1077,1,2,3,28,4,10,0,Pune,Semi-Furnished,Apartment,7918702.87
3317,4,3,0,24,7,30,1,Nagpur,Semi-Furnished,Apartment,14423827.77
860,1,3,3,27,16,26,0,Pune,Unfurnished,Apartment,4021750.27
4259,2,3,0,3,1,22,2,Nagpur,Semi-Furnished,Independent House,20340614.28
3936,1,3,3,23,12,30,1,Nagpur,Semi-Furnished,Apartment,14671420.87
1802,1,4,2,15,5,13,0,Nagpur,Unfurnished,Apartment,9293236.98
4879,1,3,0,24,18,23,0,Hyderabad,Semi-Furnished,Villa,36917152.38
3909,2,3,3,25,8,23,1,Pune,Furnished,Apartment,31462985.89
3707,2,1,1,1,0,29,2,Pune,Unfurnished,Apartment,30052182.44
4604,5,2,3,1,1,30,2,Mumbai,Furnished,Apartment,50661609.38
2016,1,4,3,25,13,14,2,Delhi,Semi-Furnished,Apartment,17841580.94
4314,3,3,2,2,12,21,1,Delhi,Furnished,Apartment,43213905.77
4882,2,4,3,12,7,10,2,Mumbai,Semi-Furnished,Independent House,55621732.34
2972,2,1,1,4,8,29,2,Mumbai,Unfurnished,Independent House,44986263.32
3918,4,1,1,7,11,28,0,Hyderabad,Semi-Furnished,Apartment,29108992.39
4361,3,4,2,9,10,19,0,Delhi,Unfurnished,Villa,60437628.3
4903,1,4,1,3,17,19,1,Mumbai,Semi-Furnished,Independent House,45595476.67
604,3,2,1,25,19,24,2,Mumbai,Unfurnished,Independent House,9407111.51
1805,4,3,0,26,1,22,1,Bangalore,Unfurnished,Independent House,16656141.05
3799,2,1,2,23,7,26,2,Nagpur,Furnished,Apartment,21367264.16
3375,5,1,1,23,3,4,1,Pune,Unfurnished,Apartment,13342157.83
1977,2,2,3,20,17,18,0,Hyderabad,Semi-Furnished,Apartment,10793537.88
4115,4,1,3,27,18,20,1,Bangalore,Semi-Furnished,Apartment,39063663.26
2397,2,1,3,21,20,25,1,Chennai,Unfurnished,Villa,16116050.31
2444,2,2,1,23,14,29,0,Hyderabad,Semi-Furnished,Independent House,15678821.77
3078,2,2,2,26,20,21,2,Mumbai,Furnished,Apartment,27534799.94
1044,1,2,2,9,0,2,0,Delhi,Unfurnished,Independent House,5651015.0
1862,5,1,3,27,8,21,1,Bangalore,Furnished,Apartment,20615132.23
955,1,1,1,17,9,28,2,Mumbai,Unfurnished,Apartment,9326231.82
3038,2,2,0,25,16,30,2,Mumbai,Unfurnished,Apartment,25599648.32
4365,1,4,2,30,9,19,2,Delhi,Semi-Furnished,Apartment,21391381.74
4137,5,2,3,29,15,15,2,Hyderabad,Unfurnished,Apartment,24827193.28
1865,3,4,2,7,6,20,2,Pune,Semi-Furnished,Apartment,17598524.64
839,1,3,3,23,1,6,2,Bangalore,Furnished,Independent House,11563805.27
405,4,4,2,17,2,10,1,Mumbai,Furnished,Apartment,7348815.65
4954,4,4,0,29,17,19,0,Hyderabad,Unfurnished,Independent House,32547057.63
4331,5,2,0,2,12,24,0,Delhi,Unfurnished,Villa,50473963.15
3670,3,3,2,2,14,19,2,Chennai,Semi-Furnished,Independent House,41771418.97
1056,2,1,3,21,12,19,0,Bangalore,Unfurnished,Independent House,5978925.05
709,5,1,2,1,8,11,1,Pune,Furnished,Independent House,7932858.72
3846,5,1,0,5,4,4,2,Mumbai,Unfurnished,Independent House,41396897.9
935,5,1,1,23,2,2,1,Chennai,Furnished,Villa,11725409.44
3547,1,2,3,23,4,12,1,Bangalore,Unfurnished,Independent House,29627317.78
2827,1,3,2,4,0,19,2,Mumbai,Semi-Furnished,Apartment,40535262.26
4362,5,2,1,7,10,22,2,Delhi,Unfurnished,Apartment,44383660.88
2816,2,1,2,10,0,9,0,Mumbai,Semi-Furnished,Apartment,37668692.83
4885,2,4,3,10,9,16,1,Pune,Unfurnished,Apartment,29269518.97
1400,2,2,1,13,8,30,0,Nagpur,Semi-Furnished,Apartment,8450683.72
3989,4,3,0,2,17,27,2,Bangalore,Semi-Furnished,Apartment,45055818.54
3584,1,1,2,11,17,29,1,Mumbai,Semi-Furnished,Independent House,43349933.66
4829,5,4,1,8,5,17,0,Mumbai,Semi-Furnished,Apartment,55380838.76
828,5,4,0,16,5,8,2,Delhi,Unfurnished,Independent House,10593589.49
4096,1,4,1,16,5,17,0,Delhi,Semi-Furnished,Apartment,25945999.97
3625,3,1,1,28,18,29,1,Nagpur,Unfurnished,Independent House,19132823.11
4543,3,1,1,1,7,16,1,Bangalore,Unfurnished,Apartment,27115963.0
3824,3,4,1,26,7,29,2,Mumbai,Unfurnished,Independent House,30444002.63
779,4,4,0,9,15,21,1,Delhi,Semi-Furnished,Apartment,9345170.88
4569,3,1,2,19,17,22,2,Bangalore,Unfurnished,Apartment,45848337.25
2668,5,3,0,27,17,29,2,Mumbai,Semi-Furnished,Apartment,28135335.22
637,1,2,0,6,12,23,1,Pune,Unfurnished,Independent House,5116978.67
4451,1,3,3,29,8,13,2,Chennai,Unfurnished,Apartment,26658291.72
3285,3,4,3,24,9,22,1,Pune,Semi-Furnished,Apartment,13499963.95
2270,4,1,1,13,12,21,2,Bangalore,Unfurnished,Apartment,20677827.21
4699,4,2,0,22,10,18,0,Delhi,Semi-Furnished,Apartment,30257816.97
4760,3,2,0,30,12,30,2,Bangalore,Unfurnished,Apartment,20190533.34
3869,4,2,1,24,20,22,1,Hyderabad,Semi-Furnished,Apartment,21045986.69
1208,5,2,1,12,9,27,2,Chennai,Unfurnished,Apartment,12153524.13
467,3,3,0,28,10,24,2,Mumbai,Unfurnished,Independent House,5203536.38
1610,2,2,1,2,13,29,2,Nagpur,Furnished,Independent House,16642244.88
808,4,1,1,1,1,27,0,Nagpur,Furnished,Apartment,7729461.24
1072,5,2,3,10,18,27,0,Pune,Unfurnished,Apartment,10094584.96
3050,5,3,0,24,20,27,1,Chennai,Semi-Furnished,Apartment,15880470.37
1545,3,1,1,12,7,16,1,Bangalore,Unfurnished,Apartment,14569784.4
2694,5,2,1,9,4,5,2,Pune,Semi-Furnished,Independent House,17408505.25
4475,2,4,0,28,9,23,1,Bangalore,Semi-Furnished,Independent House,31031314.21
2061,2,3,0,30,0,12,0,Mumbai,Semi-Furnished,Villa,28774590.24
923,4,3,2,0,7,26,2,Mumbai,Unfurnished,Independent House,15807203.78
2706,3,4,0,12,13,27,1,Nagpur,Unfurnished,Independent House,23560895.84
3596,2,4,3,14,16,18,0,Mumbai,Furnished,Apartment,55631710.89
1701,1,4,0,22,19,24,0,Mumbai,Unfurnished,Apartment,11179424.93
488,5,1,3,21,0,5,0,Mumbai,Unfurnished,Apartment,6343160.24
1725,1,1,3,19,9,30,2,Nagpur,Unfurnished,Villa,12884252.78
841,5,4,3,9,19,27,2,Nagpur,Furnished,Independent House,6773210.23
2330,3,2,1,18,14,16,2,Pune,Semi-Furnished,Apartment,16514049.85
4560,5,2,0,27,5,19,1,Bangalore,Semi-Furnished,Independent House,38049607.78
4518,1,1,0,22,10,11,0,Delhi,Semi-Furnished,Apartment,44549346.09
4184,3,1,3,15,19,21,1,Nagpur,Semi-Furnished,Independent House,15432376.68
3745,4,4,3,29,6,18,0,Chennai,Unfurnished,Independent House,32683518.4
3714,2,2,1,22,15,25,0,Hyderabad,Unfurnished,Apartment,28071384.78
4191,4,3,1,27,19,26,0,Bangalore,Furnished,Apartment,45305761.63
3538,3,2,0,12,20,20,2,Mumbai,Unfurnished,Independent House,45804133.9
4224,1,2,1,3,1,2,2,Mumbai,Furnished,Apartment,48666978.25
2384,3,2,1,25,12,30,0,Mumbai,Semi-Furnished,Apartment,16458477.68
1077,4,1,3,16,4,13,1,Mumbai,Unfurnished,Apartment,7143274.52
3702,1,3,1,20,7,28,1,Nagpur,Unfurnished,Apartment,17324620.1
2799,4,4,3,16,19,25,0,Mumbai,Unfurnished,Apartment,17939960.58
3141,4,2,3,2,19,22,2,Pune,Unfurnished,Apartment,25362447.24
4203,1,3,0,5,14,29,2,Chennai,Unfurnished,Apartment,33781664.02
2971,2,2,2,27,18,22,2,Nagpur,Unfurnished,Independent House,12838812.01
1754,3,3,3,29,0,23,0,Chennai,Furnished,Independent House,9158462.63
644,1,2,1,30,1,20,2,Nagpur,Unfurnished,Independent House,4197685.85
4021,1,3,1,9,10,26,1,Mumbai,Furnished,Apartment,35087860.2
2127,4,1,2,29,7,7,1,Hyderabad,Unfurnished,Independent House,15649740.25
1265,2,3,1,27,0,7,0,Delhi,Semi-Furnished,Apartment,12366618.12
1558,4,2,2,27,12,12,0,Delhi,Unfurnished,Villa,9877023.01
2306,3,4,2,10,17,27,0,Chennai,Unfurnished,Independent House,17664696.14
819,5,2,3,9,0,16,1,Pune,Unfurnished,Apartment,5438848.2
2048,4,2,1,21,13,17,1,Chennai,Furnished,Apartment,13374183.17
3007,4,2,0,4,16,25,1,Delhi,Semi-Furnished,Apartment,26613161.69
1161,5,4,1,16,2,22,2,Bangalore,Semi-Furnished,Apartment,9295036.24
1850,1,3,0,19,20,25,0,Delhi,Semi-Furnished,Villa,14944153.28
420,3,4,3,17,11,19,0,Chennai,Unfurnished,Apartment,4286378.75
4468,2,2,1,19,3,29,0,Delhi,Unfurnished,Apartment,22813962.82
1432,5,2,3,10,14,28,2,Pune,Furnished,Villa,22512177.55
1200,5,3,1,0,0,13,2,Hyderabad,Unfurnished,Apartment,8694888.39
4762,4,1,3,26,9,27,0,Bangalore,Unfurnished,Villa,59651042.46
1302,4,1,3,13,4,9,2,Nagpur,Furnished,Apartment,11468083.48
2851,1,1,2,5,2,7,2,Delhi,Unfurnished,Apartment,24982803.25
3499,2,1,3,25,8,29,1,Mumbai,Unfurnished,Independent House,23696468.81
760,4,4,3,22,6,17,0,Mumbai,Semi-Furnished,Independent House,7571030.75
969,2,4,0,24,9,14,1,Chennai,Unfurnished,Independent House,5433920.07
3635,2,4,1,18,18,18,1,Mumbai,Unfurnished,Villa,28511744.3
2943,2,1,0,0,1,22,2,Pune,Unfurnished,Apartment,18943782.78
2096,1,4,0,7,6,19,2,Bangalore,Unfurnished,Apartment,22671977.61
3179,1,4,3,13,16,22,2,Nagpur,Semi-Furnished,Independent House,19336116.82
3348,2,2,1,8,6,16,2,Delhi,Semi-Furnished,Apartment,33539038.41
4853,3,2,0,21,18,30,0,Mumbai,Semi-Furnished,Apartment,53780555.1
742,4,2,3,22,9,22,1,Bangalore,Semi-Furnished,Independent House,8998525.94
4115,5,3,0,25,0,16,1,Delhi,Furnished,Apartment,29364258.64
